#pdb_id,position,wild_type,mutant,Exp.ddG,DynaMut2,MUpro,EASE-MM-web,PoPMuSiC,I-MutantA,I-MutantB,INPS,MU3DSP,DDGun,MAESTRO,SAAFEC-SEQ,mCSM,MU3DSP-unbalance
2ocjA,104,Q,H,0.24,-1.31,-0.69119398,0.2271,0.13,-0.53,-1.21,0.615352,0.06885167,0.4,0.235,-1.25,-1,0.040951821
2ocjA,104,Q,P,0.11,-0.4,-0.73128424,0.5764,0.43,-1,-1.26,-0.0276002,-0.06998069,1.2,1.224,-0.95,-0.37,-0.026623064
2ocjA,123,T,A,-0.13,-0.43,-0.74183624,-0.9056,-1.1,-1.73,-1.04,-0.795507,-0.675528568,-0.8,0.689,-1.3,-0.88,-0.672221631
2ocjA,129,A,D,-0.7,-0.45,-0.50473953,0.5145,-0.31,-0.61,-0.12,-0.0331777,-0.012260652,0,0.683,-0.72,-0.7,-0.029832793
2ocjA,129,A,E,-0.38,-0.59,-0.51574842,0.2253,-0.2,-0.72,-0.01,0.176627,-0.047910826,0.2,0.307,-0.72,-0.82,-0.063357837
2ocjA,129,A,S,-0.19,-0.04,-0.87985795,0.2052,0,-0.74,-0.17,-0.0312911,-0.042499318,0.3,-0.008,-0.69,-0.82,-0.044230976
2ocjA,133,M,L,0.3,0.01,-0.99964856,0.0581,-0.63,-1.89,-0.01,0.508115,-0.311470656,1.5,0.2,-0.96,0.2,-0.297011332
2ocjA,134,F,L,-4.78,-3.02,-0.29045467,-1.2772,-1.59,-0.29,-2.1,-2.50727,-1.735197245,-2.6,0.703,-1.65,-3.08,-1.626480084
2ocjA,143,V,A,-3.5,-2.08,-0.54219277,-2.2936,-3.11,-2.4,-3.42,-2.19172,-2.641422017,-3,1.915,-1.37,-1.92,-2.62327778
2ocjA,145,L,Q,-2.98,-3.1,-1.7907902,-2.1552,-3.7,-1.75,-1.67,-1.84891,-2.528233773,-2.9,2.7,-1.39,-2.76,-2.525769716
2ocjA,148,D,E,-0.43,-0.35,-0.55536968,-0.4805,-0.13,0.61,-0.67,0.0274945,-0.18702467,0.2,0.135,-0.62,-0.29,-0.212052927
2ocjA,148,D,S,0.22,0.37,-0.90172761,-0.2326,-0.07,-0.32,-1.27,0.0262255,-0.200310568,0.3,0.135,-0.48,0.1,-0.158506624
2ocjA,150,T,P,-0.08,-0.23,-1.386994,0.3365,0.76,-0.43,0.14,0.331866,-0.132876026,0.2,0.742,-0.88,-0.38,-0.103180686
2ocjA,151,P,S,-4.49,-2.53,-1.1728868,-1.4045,-1.91,-1.85,-1.14,-1.09354,-1.871889412,-1.9,1.346,-1.35,-2.48,-1.868166379
2ocjA,157,V,F,-3.88,-1.57,-0.94054347,-1.3601,-1.19,-2.26,-3.07,-1.27489,-1.198744282,-1.3,0.218,-1.05,-1.33,-1.207342141
2ocjA,165,Q,K,-1.27,-0.55,-1.3891748,-0.6495,-0.62,-0.63,-0.35,0.234879,-0.312422902,-0.6,1.358,-1.3,-0.81,-0.272452213
2ocjA,167,Q,E,-0.43,-0.05,-0.67686613,0.3897,0.34,-0.34,0.3,0.167794,-0.177970617,-0.3,-0.503,-0.82,-0.13,-0.197430981
2ocjA,168,H,R,-2.75,-0.66,-0.85358655,-0.2023,-1.11,0.18,-0.35,-0.602615,-1.079082194,-1.2,0.47,-1.18,-1.13,-1.035943281
2ocjA,174,R,K,-0.22,-1.25,-0.97335085,-0.2704,-0.68,-1.46,-0.51,-0.225037,-0.472758247,-1.3,0.654,-1.39,-0.69,-0.464383647
2ocjA,175,R,A,-0.73,-0.97,-2.2422388,-0.9231,-1.13,-1.32,-2.23,-0.685456,-1.587482861,-1.7,1.812,-1.38,-0.81,-1.55360128
2ocjA,175,R,H,-3.52,-2.13,-2.9105592,-0.5772,-0.34,-2.68,-0.51,-1.10118,-2.112906996,-0.7,0.91,-2.35,-1.04,-2.078417054
2ocjA,182,C,S,0.16,-0.83,-1.6508693,-0.5646,-0.44,-1.62,-1.41,-0.352579,-0.342191623,0.6,0.173,-0.76,-1.08,-0.357002221
2ocjA,195,I,T,-4.12,-3.46,-2.7459467,-2.1198,-1.95,-4.23,-4.16,-2.85222,-2.521459187,-3,2.218,-2.16,-2.89,-2.407825923
2ocjA,201,L,P,0.35,0.32,-2.4244712,-0.6039,0.7,-1.68,-1.39,-0.548147,-0.239012265,-0.7,-0.661,-0.95,-0.31,-0.244691613
2ocjA,203,V,A,0.49,-1.58,-1.2249686,-1.0651,-1.86,-2.28,-3.35,0.145643,-1.068628811,0,1.184,-1.43,-1.63,-1.070493071
2ocjA,206,L,S,-0.1,-0.39,-1.4588736,-2.3135,-0.91,-4.04,-2.02,-1.5301,-1.629280106,-1.3,1.337,-1.33,-1.17,-1.57187646
2ocjA,220,Y,C,-3.98,-2.13,-0.24376484,-1.4682,-2.4,0.69,-1.53,-1.53599,-1.718367662,-2.9,1.238,-1.55,-1.9,-1.698839141
2ocjA,228,D,E,0.05,0.02,-0.5685638,-0.2133,-0.33,0.3,0.79,0.144566,-0.155717331,0.1,0.253,-0.6,-0.27,-0.196800059
2ocjA,232,I,T,-3.19,-2.61,-1.7458961,-1.6562,-2.16,-2.75,-3.98,-2.37976,-1.901792324,-2.3,1.489,-2.15,-2.37,-1.902145412
2ocjA,236,Y,F,0.27,-1.54,-0.9107412,-0.1573,-0.93,-0.76,-1.05,0.0351418,-0.46910746,2,0.434,-0.29,-1.61,-0.483915663
2ocjA,237,M,I,-3.18,-1.16,-0.74478395,-0.3271,-0.56,-1.78,-2.09,-1.57298,-0.923556784,-0.9,0.139,-0.39,-1.84,-1.056330402
2ocjA,239,N,Y,1.49,-0.25,-0.38824625,-0.328,-0.64,0.14,-1.59,0.819764,-1.193271203,1.2,0.07,-0.98,-0.26,-1.1950257
2ocjA,242,C,S,-3.07,-0.72,-2.8407208,-1.9394,-1.4,-2.53,-2.6,-2.55006,-1.770066866,-4.7,0.727,-2.12,-0.96,-1.736600719
2ocjA,245,G,S,-1.21,-0.79,-0.80619094,-0.6405,-0.87,-0.05,-1.16,-0.777634,-1.25221515,-1.5,0.404,-0.65,-1.25,-1.243692402
2ocjA,248,R,Q,-1.87,-0.6,-1.8402017,0.2574,0.03,-1.56,-1.78,-1.27834,-0.97477327,-1.1,-0.358,-1.58,-0.17,-0.92412962
2ocjA,249,R,S,-1.92,-1.47,-1.84991,-0.377,-2.44,-1.88,-1.7,-1.20096,-1.491949665,-2,1.976,-1.28,-1.67,-1.432715677
2ocjA,255,I,F,-3.29,-2.19,-1.566125,-0.3627,-0.89,-1.69,-2.52,1.21135,-0.868812966,1.4,0.493,-1.16,-1.57,-0.863989464
2ocjA,260,S,P,-0.32,-0.43,-1.233946,-0.0113,0.01,-1.26,-0.18,-0.277084,-0.433129696,-0.2,0.025,-0.32,-0.18,-0.415218433
2ocjA,268,N,D,1.21,-1.25,-0.90139108,-1.03,-1.11,-1.68,-1.84,-0.0465411,-0.490472281,-0.3,0.646,-0.79,-1.61,-0.538421667
2ocjA,270,F,C,-4.54,-2.32,-1.5080504,-2.0739,-2.13,-1.94,-2.65,-1.74758,-2.292372546,-2.5,1.293,-2.09,-1.89,-2.196375736
2ocjA,273,R,H,-0.45,-1.12,-0.45055488,-0.8961,-0.45,-1.04,-0.54,-1.04496,-1.11923307,-0.9,0.513,-0.51,-1.87,-1.126226281
2ocjA,282,R,W,-3.3,-1.53,-0.76877352,-0.8275,0.2,-0.41,-0.33,0.027618,-0.656287175,-0.9,1.049,-0.94,-1.22,-0.637123856
