#pdb_id,pdb_position,uniprot_id,uniprot_position,protherm_id,ph,temperature,Exp.ddG,EASE-MM,EASE-AA,MUpro,I-MutantA,I-MutantB,PoPMuSiC,PoPMuSiC3,MU3DSP,INPS,MAESTRO,SAAFEC-SEQ,DynaMut2,DDGun,EASE-MM-web,pdbchain,seqpos,str_status
1FTG,E61K,P0A3D9,E62K,17971,7,44.15,0.24,-0.594847504,-0.760591924,-1.4650433,-0.26,-0.08,0.05,-0.05,-0.174575812,-0.335896,0.53258,0.3,-0.38,-0.2,-0.6178,A,E62K,1
1W3D,D162N,P11961,D162N,18484,5.5,51.85,-2,-0.098344565,-0.802063946,-0.93324501,-0.89,-0.8,-0.84,0.84,-1.033584809,-0.431272,0.45173,-0.39,-0.31,-0.8,0.0416,A,D162N,2
1W4H,L158A,P0AFG6,L141A,24808,7,9.85,-2.12,-2.283099548,-2.885589564,-1.9478976,-2.88,-2.64,-2.79,2.79,-2.070241944,-2.01815,-0.89812,-2.31,0.31,-2.2,-2.0953,A,L141A,2
1FTG,D126K,P0A3D9,D127K,17975,7,44.15,0.55,-0.085077504,-0.611843627,-1.3040885,-0.67,-0.4,0.08,-0.08,-0.081913609,0.133788,-0.12622,0.7,0.49,-0.2,0.1003,A,D127K,1
1RRO,P26A,P02631,P27A,16699,7.4,53.6,-0.74,-1.138551227,-0.936378977,-0.98263938,-0.65,-0.62,-1.5,1.5,-1.074250677,-0.0211075,-0.12622,-0.81,-1.73,0.2,-1.0546,A,P27A,2
1HME,I38H,P63159,I122H,17679,7,20,0,-1.035533785,-1.890398035,-1.9275237,-2.03,-1.4,0.03,-0.03,-0.637012685,-0.583993,3.21731,-1.18,-1.24,-0.7,-0.8458,A,I122H,2
1PIN,R17G,Q13526,R17G,25177,7,40,-0.22,-0.354594168,-0.728022113,-1.4521253,-1.95,-0.37,-0.18,0.18,-0.722769377,-1.18033,1.10383,-1.13,-0.59,-1.9,-0.3748,A,R17G,4
1SPB,K57E,P00782,K87E,8821,5,20,1,0.055744392,0.099032445,0.077339891,-0.99,-0.35,0.22,-0.22,-0.181433867,0.320243,0.45501,-0.04,-0.67,0.2,-0.0966,P,K87E,4
1K9Q,L30Y,P46937,L190Y,11373,7,65,0.17,-0.394546331,-1.445194089,-1.9066594,-0.97,-0.31,-0.85,0.85,-0.543378363,0.545093,0.63218,-0.86,-0.16,0.2,-0.1925,A,L190Y,2
1PIN,R17A,Q13526,R17A,25176,7,40,0,-0.040265074,-0.640637981,-1.1453255,-1.19,-0.19,0.44,-0.44,-0.22669934,-0.495396,0.52085,-0.71,-0.32,-1.2,-0.0818,A,R17A,1
1PIN,S19A,Q13526,S19A,25180,7,40,-0.14,-0.522752188,-0.899806106,-1.2713953,-1.02,-0.69,-0.99,0.99,-0.329277913,0.062381,1.18676,-0.81,-0.38,-0.4,-0.4232,A,S19A,2
1PIN,S19G,Q13526,S19G,25181,7,40,0.01,-0.259525293,-0.904341409,-1.7042172,-1.62,-0.99,-1.41,1.41,-0.51108194,-0.319085,1.10686,-1.02,-0.35,-1.1,-0.1599,A,S19G,2
1FC1,K370A,P01857,K253A,3635,7.4,20,-1.1,-0.7521854,-0.651373487,-0.37407263,-0.97,-1.08,-1.34,1.34,-0.23842476,-0.136823,1.03012,-0.5,-0.41,0.5,-0.7826,A,K253A,4
1W3D,D164G,P11961,D164G,18488,5.5,51.85,-3.7,-0.996800782,-1.068076609,-1.5582598,-0.94,-0.49,-0.66,0.66,-0.930280337,-0.687008,1.22862,-0.17,-0.82,-0.6,-0.8863,A,D164G,2
1W3D,E141Q,P11961,E141Q,18471,5.5,51.85,-0.4,-0.113198828,-0.06078264,-1.1007264,-0.39,-0.64,-0.04,0.04,-0.441582666,-0.410353,0.80317,-0.92,-0.37,0.3,-0.2888,A,E141Q,2
1PIN,Y23L,Q13526,Y23L,25187,7,40,-1.18,-1.249131976,-1.488869061,-0.36486902,-0.48,-0.35,-1.16,1.16,-0.881677152,-1.10704,-0.00697,-1.76,0.9,-2.8,-1.0363,A,Y23L,2
1W3D,D164N,P11961,D164N,18486,5.5,51.85,-1.9,-0.245765226,-0.39686623,-0.8564109,-0.81,-0.27,-0.15,0.15,-0.292794132,-0.199593,0.05532,-0.09,-0.73,0.4,-0.3064,A,D164N,4
1PIN,P9G,Q13526,P9G,25167,7,40,-0.49,-0.27414567,-0.885777687,-0.99712015,-1.81,-1.41,-0.97,0.97,-0.491140252,-1.62762,1.68542,-0.38,-2.14,-1.7,-0.1143,A,P9G,2
1PIN,P9A,Q13526,P9A,25166,7,40,-0.19,-0.339655212,-0.370448595,-0.59197791,-0.74,-0.41,0.01,-0.01,-0.510012997,-0.729889,0.36562,-0.46,-0.49,-0.5,-0.2037,A,P9A,2
1W3D,E141A,P11961,E141A,18472,5.5,51.85,-0.7,-0.198140627,-0.455691267,-1.6889679,-0.34,-0.43,-0.11,0.11,-0.548111121,-0.590181,1.52362,-0.71,-1.81,-0.9,-0.2981,A,E141A,2
1FC1,L368A,P01857,L251A,3634,7.4,20,-2.2,-2.808040324,-2.809637816,-2.5450552,-3.44,-2.5,-2.72,2.72,-1.369866555,-1.30214,1.58328,-1.99,-2.45,-1,-2.7903,A,L251A,4
1PIN,L7V,Q13526,L7V,25162,7,40,-1.26,-0.981806789,-1.256458657,-1.1581065,-1.66,-0.73,-1.3,1.3,-0.779291625,-1.05643,0.43443,-1.4,-0.4,-1.5,-1.1074,A,L7V,2
1YYX,L76A,UPI00005AB3B6,L76A,18319,5,25,-3.43,-1.705209784,-1.714434949,-2.6439554,-2.99,-1.92,-2.13,2.13,-1.296440426,-1.30214,1.93296,-2.36,-2.54,-1.3,-1.8193,A,L76A,1
1HME,S37H,P63159,S121H,17678,7,20,-1.5,-0.648253459,-0.818032661,-0.83544342,-0.66,-0.98,-0.79,0.79,-0.350491385,-0.304404,0.43034,-1.59,-0.55,-0.1,-0.6356,A,S121H,2
1W4H,A140G,P0AFG6,A123G,24800,7,9.85,-1.02,-0.571929207,-0.96226348,-1.5240523,-1.35,-1.34,-0.63,0.63,-0.724615607,-1.09919,1.34735,-1.44,-2.86,-1.2,-0.7539,A,A123G,2
1W4H,A130G,P0AFG6,A113G,24791,7,9.85,-0.04,-0.483910468,-0.714505345,-1.4995301,-1.43,-2.14,-0.91,0.91,-0.794821307,-0.904063,0.24594,-1.59,-0.59,-1.1,-0.3486,A,A113G,2
1RTP,K80S,P02625,K81S,16707,7.4,45.8,-0.29,-0.057702586,-0.33884932,-1.0380944,-0.38,-0.34,-0.24,0.24,-0.309825052,0.0355566,0.6829,-0.42,-1.44,0.3,-0.0764,1,K81S,1
1W4H,D162N,P0AFG6,D145N,24810,7,9.85,-3.1,0.075127149,-0.886341236,-0.68287944,-1.17,-0.63,-0.83,0.83,-0.761780655,-0.488368,0.93168,-0.97,-1.16,-0.7,0.1198,A,D145N,2
3HHR,E74D,P01241,E100D,311,8,20,-0.55,-0.779480411,-0.789286648,-0.89143039,0.04,-0.59,-0.62,0.62,-0.460962928,-0.0174707,0.38806,-0.7,-1.69,-0.1,-0.6867,A,E100D,1
1PIN,W11F,Q13526,W11F,25169,7,40,-1.93,-1.804567299,-1.558182594,-0.075394491,-1.34,-1,-1.05,1.05,-1.54222512,-1.93698,0.81414,-1.72,-0.11,-2.6,-1.5921,A,W11F,2
1PIN,V22A,Q13526,V22A,25185,7,40,-0.26,-1.520358231,-1.961241265,-1.8896141,-2.14,-1.04,-1.21,1.21,-1.268742878,-1.91604,0.81032,-0.89,-0.61,-0.5,-0.9939,A,V22A,2
1FC1,P395A,P01857,P278A,3638,7.4,20,-3.2,-1.379362114,-0.276754181,-0.62516617,-2.05,-1.14,-1.01,1.01,-0.346561631,-0.52268,-0.17539,-1.06,-0.68,0.1,-1.1116,A,P278A,1
1B26,R190A,P96110,R191A,17752,7,69.5,-0.34,-1.100291517,-1.396733864,-0.44305981,-0.21,-0.61,-1.57,1.57,-0.808216048,-0.801837,0.30045,-0.43,-0.36,-1.3,-1.9746,A,R191A,4
1W4H,A146G,P0AFG6,A129G,24802,7,9.85,-0.58,-1.68581267,-1.865149077,-1.2028157,-1.51,-2.29,-1.86,1.86,-1.492219052,-0.284704,0.23368,-1.45,0.15,-1.3,-1.5887,A,A129G,2
1FTG,V139A,P0A3D9,V140A,9918080,7,44.15,-0.87,-2.519129853,-2.490129237,-1.1513089,-1.11,-0.71,-2.56,2.56,-1.538352658,-0.743739,0.69231,-1.08,-0.73,-1.8,-2.4098,A,V140A,2
1FTG,V18I,P0A3D9,V19I,9919982,7,43.25,0.69,-0.476515041,0.458522547,-0.45124642,0.06,0.07,-0.79,0.79,-0.571858484,0.230379,0.35769,-0.38,-2.08,0.3,-0.4249,A,V19I,1
1FTG,N97A,P0A3D9,N98A,9918074,7,44.15,-0.46,-0.937531045,-0.472218703,-1.7233718,-0.19,-0.27,-1.62,1.62,-0.984602122,-0.370177,0.50632,-0.45,-0.19,-0.3,-0.6453,A,N98A,2
1RTP,A21P,P02625,A22P,16703,7.4,45.8,-1.92,0.448644569,-0.239916536,-1.6489733,-0.52,-0.39,0.22,-0.22,-0.35530309,0.511898,-1.15904,-0.59,-0.21,0.2,0.3269,1,A22P,1
1W3D,V149G,P11961,V149G,18479,5.5,51.85,-4.1,-3.760961858,-2.987373451,-2.4034235,-2.62,-3.04,-1.48,1.48,-2.808058325,-3.57349,1.20579,-2.33,-2.5,-4.5,-3.53,A,V149G,2
1FTG,D43A,P0A3D9,D44A,9918069,7,44.15,0.1,-0.087089357,0.077286507,-1.2312106,-0.14,-0.07,-0.51,0.51,-0.564658509,-0.592648,0.31391,0,-1.33,0.2,-0.1996,A,D44A,1
1FTG,E20K,P0A3D9,E21K,9919983,7,43.25,1.32,-0.409875036,0.683737169,-1.3529365,-0.53,-0.57,-0.25,0.25,-0.407947226,-0.300034,-0.14528,0.89,-1.93,-0.3,-0.2834,A,E21K,1
1W4H,I135V,P0AFG6,I118V,24796,7,9.85,-0.03,-0.74831486,-0.322286647,-1.1305813,-0.8,-0.77,-0.94,0.94,-0.561007421,0.6581,0.61458,-1.45,-1.49,0.6,-0.6545,A,I118V,2
1PIN,M15A,Q13526,M15A,25173,7,40,-0.59,-2.009826098,-1.704763743,-1.6279217,-1.38,-0.73,-0.76,0.76,-0.472108096,-1.37833,-0.01834,-1.33,-0.84,-1.6,-1.7556,A,M15A,2
1YYX,A90G,UPI00005AB3B6,A90G,18322,5,25,-2.87,-1.697355403,-1.700228076,-1.4482899,-1.15,-1.15,-1.23,1.23,-1.414781791,-1.09919,0.37017,-1.27,-0.97,-1.2,-1.6823,A,A90G,2
1KFW,G254P,Q9REI6,G291P,16599,7.5,16,-0.65,-0.189761236,-0.746429593,-1.777412,-1.4,-1.63,-3.36,3.36,0.20487271,-0.456637,0.9438,-1.19,-1.32,0.2,-0.1376,A,G291P,4
1W4H,I135A,P0AFG6,I118A,24797,7,9.85,-1.63,-1.903329902,-1.871489039,-2.535771,-2.36,-2.54,-2.02,2.02,-1.541756666,0.462072,0.53655,-2.7,-0.07,-0.2,-1.8585,A,I118A,2
1B26,K193A,P96110,K194A,17754,7,69.5,0.23,-1.668366809,-0.354483816,0.16512632,-0.05,-0.8,-0.83,0.83,-0.530735456,1.10468,1.51985,-0.69,-1.46,1.3,-1.1023,A,K194A,4
1CDC,A40G,P08921,A62G,5695,7,25,-1.71,-2.38221738,-1.429062308,-1.242729,-1.6,-1.45,-1.87,1.87,-1.724701152,-1.3258,0.65739,-1.08,-0.88,-1.4,-2.4519,B,A62G,2
1FC1,L351A,P01857,L234A,3632,7.4,20,-1.3,-2.616230486,-2.833789066,-2.8175111,-2.73,-2.69,-2.34,2.34,-1.610662296,-1.44028,1.35885,-2.18,-2.37,-1.1,-2.773,A,L234A,2
1FTG,I104V,P0A3D9,I105V,9918076,7,44.15,-0.56,-0.790437298,-1.127108778,-0.91144537,-0.75,-0.53,-0.98,0.98,-0.614554151,-0.519344,0.37653,-1.1,-1.43,-0.1,-0.6115,A,I105V,2
1W3D,V129G,P11961,V129G,18463,5.5,51.85,-1,-3.179292978,-3.566123574,-2.4045491,-2.33,-2.27,-1.59,1.59,-1.257978016,-2.34408,-0.58929,-2.46,0.73,-3.4,-3.0272,A,V129G,2
3HHR,S71Q,P01241,S97Q,310,8,20,-1.28,-0.480324582,-1.054613117,-0.57979383,-0.24,-1.04,-1.29,1.29,-0.949827392,-0.0662869,-0.56876,-0.6,0.25,-0.3,-0.1777,A,S97Q,2
1HME,G39H,P63159,G123H,17680,7,20,0.47,0.487838086,-0.339088997,-1.9381326,-1.92,-2.21,-0.2,0.2,-0.324529864,-0.364784,2.30489,-1.35,-2.33,1,0.3517,A,G123H,2
1W3D,V129A,P11961,V129A,18462,5.5,51.85,-0.7,-1.959430724,-1.87052673,-1.6366057,-1.03,-1.42,-1.73,1.73,-1.109923831,-1.42087,0.54187,-1.96,-0.59,-2.1,-1.6099,A,V129A,2
1FTG,V160A,P0A3D9,V161A,9918083,7,44.15,-1.91,-1.957337688,-1.633134914,-0.92519295,-1.33,-1.05,-1.83,1.83,-1.481441458,-0.674459,0.47004,-1.93,-0.39,-1.1,-1.8046,A,V161A,2
1FTG,A101V,P0A3D9,A102V,9919993,7,43.25,-0.16,-0.634200907,-0.697875567,-0.13662157,0.05,0.27,0.24,-0.24,-0.776866971,0.0105073,-0.00256,-0.82,0.22,0.6,-0.4212,A,A102V,1
1YYX,F65A,UPI00005AB3B6,F65A,18316,5,25,-2.5,-2.907549598,-2.866448376,-1.5587704,-2.09,-2.78,-2.56,2.56,-2.468564468,-2.93294,-0.23141,-2.26,-0.16,-3,-2.9228,A,F65A,2
1FTG,V83I,P0A3D9,V84I,9919991,7,43.25,0.1,-0.55892629,-0.475775298,0.17052589,-0.34,0.04,-0.94,0.94,-0.604706846,0.00288697,1.33024,-0.51,-1.83,-0.1,-0.5527,A,V84I,1
1PIN,N30A,Q13526,N30A,25203,7,40,-0.47,-0.228210066,-0.999074251,-0.85815878,-1.12,-0.04,-1.51,1.51,-0.466800817,-0.334127,1.87249,-0.62,-1.94,-0.8,-0.2599,A,N30A,2
1FTG,T122S,P0A3D9,T123S,9918079,7,44.15,-0.31,-0.855748324,-1.328746477,-1.1062608,-0.24,0.13,-1.17,1.17,-0.80378029,-0.219787,0.90717,-0.11,-0.72,-0.7,-0.5467,A,T123S,2
1PIN,N30G,Q13526,N30G,25204,7,40,0.53,-0.136522965,-0.701132208,-1.2530544,-1.45,-0.74,-0.2,0.2,-0.708250695,-0.119738,0.32244,-1.1,-0.55,-1,-0.1571,A,N30G,2
1RTP,H26P,P02625,H27P,16702,7.4,45.8,1.25,-1.085450565,-1.303929378,-1.6610903,0.66,0.35,-0.76,0.76,-0.989440801,-0.0447769,1.02541,-0.71,-0.39,-1.3,-0.5763,1,H27P,1
1CDC,I57V,P08921,I79V,5697,7,25,-0.43,-0.807329953,-0.402992034,-0.77494598,-0.62,-0.21,-0.69,0.69,-0.621678925,-0.295496,-0.95614,-0.55,0.23,-0.2,-0.7456,B,I79V,1
1W3D,Y138F,P11961,Y138F,18469,5.5,51.85,-2,0.00107636,0.062448287,-0.22444721,-0.12,-0.51,-0.79,0.79,-0.639975929,-0.266265,0.06022,-0.22,-0.84,0.1,0.0643,A,Y138F,2
1W3D,V135A,P11961,V135A,18468,5.5,51.85,-1.5,-2.119392934,-1.46119081,-1.9776417,-1.55,-1.72,-2.57,2.57,-1.429380868,-1.08733,3.25587,-1.79,-3.31,-0.9,-1.9867,A,V135A,2
1W4H,T159S,P0AFG6,T142S,24809,7,9.85,-1.63,-1.413831736,-1.327667321,-1.0352075,-0.77,-0.61,-1.4,1.4,-0.987828244,-0.785584,-0.05931,-0.4,-0.39,-1.1,-1.4017,A,T142S,2
3HHR,E74A,P01241,E100A,313,8,20,-0.49,-0.444046368,-0.663789297,-1.2978934,-0.04,-0.79,-0.76,0.76,-1.264500118,-0.513832,-0.75951,-0.21,-0.57,-0.2,-0.2587,A,E100A,2
1W3D,D145N,P11961,D145N,18474,5.5,51.85,-0.9,-0.597977864,-0.083350946,-0.57486142,-0.95,-0.96,-0.18,0.18,-0.791236608,-0.497514,1.2568,-0.6,-1.28,-0.3,-0.4144,A,D145N,2
1YYX,I98A,UPI00005AB3B6,I98A,18324,5,25,-3.83,-1.64411957,-2.218156981,-1.6400039,-2.13,-2.42,-2.11,2.11,-1.339746415,-1.27656,-0.52404,-2.61,0.22,-0.7,-1.619,A,I98A,2
1FC1,Y407A,P01857,Y290A,3643,7.4,20,-2.1,-2.624925293,-2.805212736,-1.3615945,-2.1,-2.51,-4.25,4.25,-1.384452937,-0.977802,0.35366,-2.14,-0.06,-1.1,-2.2381,A,Y290A,1
1W3D,L167A,P11961,L167A,18491,5.5,51.85,-1.2,-1.027580079,-1.328515585,-2.0580293,-2.5,-1.16,-0.8,0.8,-1.294663404,-1.50831,-0.03303,-1.69,-0.73,-1.6,-1.0835,A,L167A,2
1YYX,A87G,UPI00005AB3B6,A87G,18321,5,25,-3.03,-2.288582319,-1.700013939,-1.3876233,-1.14,-1.19,-2.37,2.37,-2.08300327,-1.70129,0.06058,-1.88,-1.98,-2.1,-2.3064,A,A87G,2
1W4H,L138A,P0AFG6,L121A,24798,7,9.85,-1.67,-2.401309317,-2.178742771,-2.5328568,-2.92,-2.61,-1.79,1.79,-1.519575319,-2.65675,0.9516,-2.58,-2.34,-3.1,-2.3852,A,L121A,2
1PIN,S38G,Q13526,S38G,25214,7,40,-0.08,-0.391125304,-0.439848845,-1.3608393,-1.02,-0.83,-1.39,1.39,-0.523855337,-0.63331,1.8639,-0.43,-1.17,-1,-0.3075,A,S38G,2
1PIN,F25Y,Q13526,F25Y,25193,7,40,0.22,-0.830023074,-0.78537025,-1.3147794,-0.85,-0.3,-0.38,0.38,-0.66697906,0.565981,-0.36132,-1.4,0.27,0.3,-0.4,A,F25Y,2
1PIN,S38A,Q13526,S38A,25213,7,40,0.05,-0.529525104,-0.055832743,-0.57863426,-0.63,-0.67,-0.89,0.89,-0.260322363,-0.0105547,-0.52144,-0.42,0.75,0,-0.4854,A,S38A,2
1W4H,A134G,P0AFG6,A117G,24795,7,9.85,-0.37,-1.745562079,-1.636920156,-1.1645315,-1.52,-1.65,-0.87,0.87,-0.906363468,-1.6355,-0.42805,-1.95,-0.33,-1.3,-1.6584,A,A117G,2
1FC1,T394A,P01857,T277A,3637,7.4,20,-0.6,-1.506030148,-1.45879627,-1.0664558,-1.28,-1.68,-0.95,0.95,-0.821698202,-0.68331,2.55288,-1.36,-1.89,-0.6,-1.4089,A,T277A,2
1YYX,A36G,UPI00005AB3B6,A36G,18312,5,25,-2.71,-1.831151657,-1.608287964,-1.549892,-1.13,-1.94,-1.58,1.58,-1.57981722,-1.45027,0.17309,-1.71,0.19,-1.7,-1.8314,A,A36G,2
1PIN,Y23F,Q13526,Y23F,25188,7,40,-0.52,-1.140123458,-0.906760977,-0.53473172,-0.89,-0.21,-0.7,0.7,-0.727466071,-0.652496,2.01198,-1.12,-1.94,-0.8,-0.8118,A,Y23F,2
1FLV,G87L,P0A3D9,G88L,22101,7,44.15,-0.21,-0.73627542,0.500841896,-0.23261986,-0.42,0.29,0.33,-0.33,-1.114147972,-1.75209,0.35449,-1.49,-0.06,1.7,-0.4974,A,G88L,2
1W4H,V163A,P0AFG6,V146A,24811,7,9.85,-2.02,-2.120626823,-1.914523054,-1.48015,-1.68,-1.25,-2.82,2.82,-1.660344425,-2.60551,-0.9569,-1.72,0.28,-3.1,-2.0066,A,V146A,2
1FLV,G87A,P0A3D9,G88A,22099,7,44.15,-0.09,-0.85303428,-0.458953577,-1.3044611,-0.7,-0.59,-0.01,0.01,-0.948733241,-0.352248,2.95318,-1.2,-3.32,1.2,-0.4204,A,G88A,2
1FTG,L50A,P0A3D9,L51A,9919987,7,43.25,-2.84,-3.127971599,-2.858339882,-2.4106672,-2.83,-1.35,-2.67,2.67,-2.381356475,-2.18924,2.03341,-2.6,-1.85,-2.6,-2.8507,A,L51A,2
1W3D,D164A,P11961,D164A,18487,5.5,51.85,-2.3,0.14385902,-0.221372134,-1.0370027,-0.68,-0.11,0.27,-0.27,-0.390478518,-0.150198,-0.63176,0.04,0.24,0.5,-0.075,A,D164A,2
1PIN,E35A,Q13526,E35A,25211,7,40,-0.73,-0.760152934,-0.834281418,-1.2656616,-0.79,-0.31,0.07,-0.07,-0.528335657,-0.579219,2.8372,-0.59,-2.65,0.1,-0.8132,A,E35A,2
1W3D,L159V,P11961,L159V,18481,5.5,51.85,-0.6,-0.902577524,-0.486383512,-1.3112438,-1.66,-0.72,-0.06,0.06,-0.779112558,-0.87521,1.29922,-0.59,-1.26,0.1,-0.8818,A,L159V,2
1PIN,F25A,Q13526,F25A,25191,7,40,-2.14,-3.080980948,-3.447115747,-2.2032368,-2.79,-2.09,-2.05,2.05,-1.518671576,-2.37461,2.53455,-2.33,-1.31,-1,-2.5957,A,F25A,1
1AZP,V30I,P13123,V30I,16992,7,50,0.7,-0.071231505,0.22318157,-0.070692745,-0.29,0.1,-1.13,1.13,-0.783518328,0.379033,-0.27268,0.28,0.01,-0.3,-0.0063,A,V30I,1
1W4H,A148G,P0AFG6,A131G,24803,7,9.85,-0.43,-0.671568362,-1.277884992,-1.2788068,-1.46,-1.54,-0.36,0.36,-0.710769526,-0.181953,-0.90696,-1.42,0.39,-1.3,-0.7599,A,A131G,2
1YYX,L48A,UPI00005AB3B6,L48A,18313,5,25,-4.23,-2.251942992,-1.882396598,-1.8657073,-2.42,-1.96,-1.67,1.67,-2.12909838,-2.39637,2.85822,-2.93,-2.23,-2.9,-2.4212,A,L48A,2
1FLV,A101L,P0A3D9,A102L,22103,7,44.15,-0.53,-0.670391547,-0.277121361,0.043786558,-0.12,0.3,-0.17,0.17,-1.17536983,-1.14026,0.92288,-0.86,-0.99,0.1,-0.5841,A,A102L,2
1W3D,L159A,P11961,L159A,18482,5.5,51.85,-2,-2.299732888,-1.961768546,-2.311891,-3,-1.81,-1.07,1.07,-1.341632702,-2.29596,0.58257,-1.27,-0.69,-1.5,-2.0974,A,L159A,2
1PIN,S18G,Q13526,S18G,25179,7,40,0.02,-0.445819026,-0.83410811,-1.3953847,-1.54,-0.42,0.9,-0.9,-0.537285232,-0.319085,0.03683,-1,-0.8,-1.2,-0.3958,A,S18G,2
1W3D,L159G,P11961,L159G,18483,5.5,51.85,-1.9,-3.299213763,-2.181749818,-2.5248141,-3.51,-2.41,-1.33,1.33,-1.576930067,-3.12945,1.91115,-1.39,-1,-2.6,-3.2485,A,L159G,2
1FLV,G87V,P0A3D9,G88V,22100,7,44.15,0.12,-0.636435912,0.471145056,-0.80133131,-0.31,-0.14,0.69,-0.69,-0.55414239,-0.507777,1.05068,-1.54,-1.62,2.1,-0.121,A,G88V,4
1SSO,I30V,P39476,I30V,16991,7,50,-0.4,-0.616919922,-0.567258548,-0.50552245,-0.48,-0.53,-1.11,1.11,-0.384314367,-0.295496,2.08306,-0.48,-2.51,0.3,-0.5521,A,I30V,1
1PIN,F25L,Q13526,F25L,25192,7,40,-1.37,-0.98087712,-0.86843603,-0.89454364,-1.07,-0.98,-1.22,1.22,-0.851367871,-1.00302,0.78855,-1.42,-0.56,-0.4,-0.6192,A,F25L,1
1FC1,F405A,P01857,F288A,3642,7.4,20,-2.5,-2.667640221,-3.249194072,-1.6918268,-2.73,-2.85,-3.83,3.83,-1.446353498,-1.25374,2.19131,-2.55,-2.83,-0.9,-2.3312,A,F288A,1
1FTG,I51V,P0A3D9,I52V,9918070,7,44.15,-1.83,-1.439286185,-1.45279073,-0.92496976,-0.73,-0.64,-1.29,1.29,-0.720931965,-0.407318,1.02576,-1.53,-0.55,-0.3,-1.4829,A,I52V,4
1PIN,R21G,Q13526,R21G,25184,7,40,-0.67,-1.293227279,-1.956766456,-1.5961676,-2.22,-0.73,-0.13,0.13,-0.997999804,-1.44436,1.6086,-0.83,-2.54,-2.4,-0.8979,A,R21G,2
1W4H,H166A,P0AFG6,H149A,24812,7,9.85,0.06,-0.833052638,-1.361985718,-0.61792822,-0.34,-0.93,-0.88,0.88,-0.59532379,-0.303911,0.54727,-1.52,-0.15,-0.5,-0.6416,A,H149A,2
2L3Y,H31A,P08505,H57A,2403,7.4,25,-0.3,-0.441966706,-1.305617748,-1.3261852,0.12,-0.9,-1.38,1.38,-0.692328795,-0.444684,-0.13833,-0.72,-0.74,-0.4,-0.2021,A,H57A,2
1KFW,N198K,Q9REI6,N235K,16598,7.5,16,0.81,0.227283673,-0.08481274,-0.47228426,-0.56,-0.07,-0.14,0.14,-0.281584238,0.118279,-0.01948,0.15,-0.36,-0.5,0.0735,A,N235K,4
1PIN,R14A,Q13526,R14A,25172,7,40,-1.63,-1.461158277,-1.269211315,-0.70215176,-1.04,-0.55,-0.93,0.93,-0.777375157,-0.702368,1.24405,-0.44,-1.51,-0.5,-1.2498,A,R14A,1
1FC1,T366A,P01857,T249A,3633,7.4,20,-2.3,-1.382347179,-1.617295005,-1.1985567,-1.39,-1.95,-1.74,1.74,-0.403019756,-1.06972,-0.72119,-1.28,0.06,-0.6,-1.5295,A,T249A,4
2L3Y,W34A,P08505,W60A,2397,4,25,-2,-2.247232866,-1.887944654,-1.3676296,-1.34,-0.98,-0.61,0.61,-0.691309385,-1.26878,-0.39785,-0.73,-0.51,-0.5,-1.972,A,W60A,2
1FTG,Q99A,P0A3D9,Q100A,9919992,7,43.25,1.72,-1.255139233,-0.953698975,-1.1547544,0.36,0.27,-0.96,0.96,-0.40114243,-0.260802,0.8688,-0.11,-0.78,0,-1.0247,A,Q100A,1
1IRO,I33L,P00268,I33L,22382,9.08,107,0.76,-0.649032313,-0.498513008,-0.7559086,-0.93,-0.95,-0.3,0.3,-0.657937176,0.904331,1.27982,0.79,-0.72,0.7,-0.5832,A,I33L,1
1PIN,P8A,Q13526,P8A,25164,7,40,-0.97,-1.789021146,-1.746644794,-0.65447633,-0.61,-1.31,-1.73,1.73,-1.082392601,-1.13245,2.34368,-1.34,-2.36,-2,-1.6871,A,P8A,2
1W3D,I163V,P11961,I163V,18485,5.5,51.85,-0.5,-0.82921276,-0.648774871,-0.90552026,-0.43,-0.78,-1.2,1.2,-0.502010687,0.23947,2.16337,-1.08,-1.3,0.2,-0.8599,A,I163V,4
1FTG,D65K,P0A3D9,D66K,17972,7,44.15,-0.09,-0.829743779,-0.511147071,-1.7963281,0.1,0.19,-0.75,0.75,-0.217680396,-0.0905689,2.37593,-0.06,-2.34,-0.3,-0.6889,A,D66K,2
1W3D,V158A,P11961,V158A,18480,5.5,51.85,-3.2,-2.592426926,-2.571584204,-1.6334193,-1.57,-1.81,-2.29,2.29,-1.861489352,-2.29328,0.36025,-1.71,-0.48,-3,-2.3375,A,V158A,2
1FC1,Y349A,P01857,Y232A,3630,7.4,20,-0.7,-2.527359517,-3.019295763,-0.89064755,-1.43,-2.59,-3.27,3.27,-1.304645962,-0.544165,2.41863,-1.62,-1.83,-1.1,-2.5446,A,Y232A,4
1FTG,S110A,P0A3D9,S111A,9918077,7,44.15,-0.64,0.404211941,0.230879256,-0.80128261,-0.26,-0.44,0.08,-0.08,-0.340872734,0.062381,0.47442,-0.06,-0.44,0.3,0.4593,A,S111A,1
1CDC,L89V,P08921,L111V,5699,7,25,-0.14,-1.119584812,-1.499823884,-1.4036895,-1.64,-1.1,-0.56,0.56,-0.667692633,-0.194125,0.27881,-0.68,-0.92,0.1,-0.9776,B,L111V,2
2DRI,A188C,P02925,A213C,26037,7.6,25,-1.8,0.276063958,0.303352038,-0.93966041,-0.83,-0.87,0.66,-0.66,-0.1843771,2.00974,0.96626,-0.19,-0.58,0.6,0.4297,A,A213C,2
1W4H,T152S,P0AFG6,T135S,24805,7,9.85,-0.29,-0.318547728,-0.065561226,-0.53421213,-1,-0.17,0.06,-0.06,-0.627907857,-0.433048,-0.18766,-0.67,-0.57,-0.7,-0.2268,A,T135S,2
1FTG,I21A,P0A3D9,I22A,9919984,7,43.25,0.45,-0.747423891,-1.874383537,-2.4608441,-1.97,-1.85,-0.29,0.29,-0.704855686,0.241544,0.13652,-1.2,-0.36,-1,-0.8211,A,I22A,2
1FTG,I21G,P0A3D9,I22G,9919985,7,43.25,-0.76,-2.062102168,-3.351433881,-2.6565577,-2.55,-2.53,-1.23,1.23,-1.167874198,-2.04851,0.23728,-1.41,-0.06,-2.4,-1.9819,A,I22G,2
1K9Q,A20R,P46937,A180R,11375,7,65,0.89,0.066911475,0.3582877,-0.90625883,0.26,0.25,-0.24,0.24,-0.088522189,0.030896,2.98671,-1.14,-2.01,1.2,-0.0633,A,A180R,1
1PIN,W34A,Q13526,W34A,25209,7,40,-0.4,-3.876892578,-3.728150387,-0.4937936,-2.01,-0.82,-0.59,0.59,-1.223144414,-2.01792,2.56545,-1.96,0.01,-3.4,-3.1459,A,W34A,1
1ZG4,E104K,P62593,E102K,12374,7,50.6,0.64,0.196201713,-0.242098031,-0.8154086,-0.53,0.26,-0.02,0.02,-0.263611601,-0.495669,1.25275,0.4,-0.27,-0.3,0.1285,A,E102K,1
1W3D,I130V,P11961,I130V,18464,5.5,51.85,-0.2,-1.075833988,-1.316944851,-0.51851421,-0.82,-0.11,-0.19,0.19,-0.470225364,-0.183357,0.86534,-0.63,-0.56,-0.2,-0.7758,A,I130V,2
1FC1,T350A,P01857,T233A,3631,7.4,20,-0.1,-0.893190605,-1.538036234,-0.86061207,-0.48,-1.78,-1.39,1.39,-0.799034381,-0.0656468,1.17391,-0.92,-1.56,-0.4,-1.0325,A,T233A,1
1W3D,V144A,P11961,V144A,18473,5.5,51.85,-2,-2.082871113,-1.901651096,-1.0595276,-1.85,-1.24,-1.98,1.98,-1.531813667,-2.52339,0.21174,-1.81,-0.43,-2.9,-1.9612,A,V144A,2
1W3D,I146V,P11961,I146V,18476,5.5,51.85,-1.2,-1.019519601,-1.118420099,-0.73550271,-0.71,-0.85,-1.12,1.12,-0.926890397,-0.481948,0.95348,-1.58,-1.36,-0.6,-0.9846,A,I146V,2
1W4H,I149V,P0AFG6,I132V,24804,7,9.85,-0.75,-0.683175416,-0.782061261,-1.5061454,-0.74,-0.56,-1.24,1.24,-0.605043315,-0.183357,-0.56008,-1.69,0.02,-0.1,-0.6981,A,I132V,2
1W3D,A131G,P11961,A131G,18467,5.5,51.85,-1.7,-1.99038204,-1.133778207,-1.4101418,-1.32,-2.05,-1.11,1.11,-1.84842408,-1.79081,0.52777,-1.35,-1.26,-2.1,-2.0216,A,A131G,2
1RRO,P21A,P02631,P22A,16698,7.4,53.6,-0.74,-0.362085975,-0.203598656,-1.0987662,-0.51,-0.51,-0.47,0.47,-0.493329716,-0.691385,1.2417,-0.05,-1.89,-0.3,-0.3799,A,P22A,1
1PIN,Y24W,Q13526,Y24W,25190,7,40,-0.56,-0.585088907,-0.47613447,-1.5130877,-0.51,-0.63,-0.71,0.71,-0.471658474,-0.316196,1.16225,-0.56,-2.35,-1.2,-0.4522,A,Y24W,2
1W3D,A139G,P11961,A139G,18470,5.5,51.85,-2.3,-2.46761368,-1.729621736,-1.0729349,-1.38,-2.48,-2.01,2.01,-1.950170283,-2.01277,1.26986,-1.15,-1.08,-2.1,-2.4751,A,A139G,2
1KFW,G93P,Q9REI6,G130P,16597,7.5,16,0.5,0.278406002,-0.147489721,-0.44379326,-1.19,-1.3,0.36,-0.36,-0.345632065,0.333949,2.94526,-0.5,-2.23,0.6,0.3116,A,G130P,2
1PIN,E12A,Q13526,E12A,25170,7,40,-0.48,-0.747361503,-0.508704053,-0.45821435,-0.31,-0.52,-0.58,0.58,-1.014462118,-0.585803,-0.31512,-0.69,-0.33,-0.1,-0.5642,A,E12A,2
1W3D,A165G,P11961,A165G,18489,5.5,51.85,-0.9,-0.904508092,-0.921986884,-1.2979115,-1.22,-1.29,-1.64,1.64,-0.636649726,-1.36833,2.23887,-0.93,-1.43,-1.7,-0.9524,A,A165G,2
1W4H,V154G,P0AFG6,V137G,24807,7,9.85,-0.84,-0.877999797,-0.930311092,-1.6663326,-3.14,-1.31,-0.86,0.86,-1.536240117,-0.826101,0.901,-1.69,-1.26,-1.3,-0.4386,A,V137G,4
1PIN,S32G,Q13526,S32G,25207,7,40,-0.81,-1.538308605,-1.684194931,-1.6492787,-1.13,-0.51,-1.48,1.48,-0.864266557,-1.17137,0.76898,-1,-1.22,-1.3,-1.364,A,S32G,2
1W3D,I146A,P11961,I146A,18477,5.5,51.85,-2.7,-2.58060011,-2.288675378,-2.7253554,-2.3,-2.52,-1.73,1.73,-1.563632131,-1.96705,2.89653,-2.43,-1.01,-2.5,-2.373,A,I146A,2
1PIN,S32A,Q13526,S32A,25206,7,40,-0.26,-1.021757403,-1.018219544,-1.1735756,-0.56,0.04,-0.95,0.95,-0.459906361,-0.697717,1.21981,-1.06,-1.15,-0.3,-0.7235,A,S32A,1
1PIN,S18A,Q13526,S18A,25178,7,40,0.03,-0.597643806,-0.768439288,-0.76710094,-0.86,-0.29,0.1,-0.1,-0.120725876,0.062381,3.02396,-1.07,-2.23,-0.3,-0.5482,A,S18A,4
1FTG,A84G,P0A3D9,A85G,9918073,7,44.15,-1.8,-2.169781559,-1.700020243,-1.6428627,-1.07,-1.17,-2.07,2.07,-2.033106133,-1.14622,1.21377,-1.79,-0.7,-1.8,-2.0143,A,A85G,1
1IRO,V24I,P00268,V24I,22381,9.08,107,0.36,0.147275459,0.195434925,-0.42364995,-0.48,-0.7,-0.57,0.57,-0.350209544,0.86415,0.66795,0.13,-0.91,0.9,0.2231,A,V24I,1
1PIN,Y24F,Q13526,Y24F,25189,7,40,-0.66,-0.507560704,-0.190932122,-0.88077926,-0.74,-0.42,-0.9,0.9,-0.297015762,-0.504933,0.354,-0.39,-0.16,-1,-0.3609,A,Y24F,1
1YYX,V84A,UPI00005AB3B6,V84A,18320,5,25,-3.85,-1.706864002,-1.53170532,-1.0050739,0.05,-0.4,-1.14,1.14,-1.748544627,-1.91604,0.35826,-1.96,0.16,-1.9,-1.5679,A,V84A,4
1PIN,H27G,Q13526,H27G,25196,7,40,-0.68,-1.429428762,-1.856380764,-1.6722546,-0.83,-0.51,-1.2,1.2,-0.968124686,-1.05042,1.5008,-0.87,-1.14,-2.7,-1.2609,A,H27G,2
1W3D,I130A,P11961,I130A,18465,5.5,51.85,-0.7,-2.150411678,-2.142511917,-1.4588236,-1.83,-1.67,-0.98,0.98,-1.171083291,-0.78981,0.53068,-0.74,-0.25,-1.4,-1.9552,A,I130A,2
1CDC,L95V,P08921,L117V,5700,7,25,-0.75,-1.060752412,-1.106409644,-1.2237736,-1.54,-1.71,-1.19,1.19,-1.223309366,-0.691282,0.84939,-1.63,-0.56,-0.9,-1.1054,B,L117V,2
1W3D,I130G,P11961,I130G,18466,5.5,51.85,-1.4,-2.864086507,-2.950489546,-1.7503197,-2.42,-2.16,-1.56,1.56,-1.358868805,-2.2453,0.97527,-0.83,-1.67,-2.5,-3.356,A,I130G,2
1YYX,M33A,UPI00005AB3B6,M33A,18311,5,25,-3.5,-2.368036516,-2.53205601,-1.6759144,-0.61,-1.8,-2.76,2.76,-1.868211515,-2.52599,0.91165,-2.29,-1.12,-3.1,-2.3455,A,M33A,2
1PIN,H27A,Q13526,H27A,25195,7,40,-0.12,-1.193213658,-1.015633836,-1.3215833,-0.6,-0.38,-0.91,0.91,-0.555472616,-0.933912,1.01861,-0.68,-0.72,-2.3,-1.0356,A,H27A,2
1FTG,E72K,P0A3D9,E73K,9919989,7,43.25,0.9,-0.795815033,-0.040695839,-2.1906395,-1.06,-1.18,-0.06,0.06,-0.196797074,0.0915035,-0.14569,1.02,-0.26,0.1,-0.5197,A,E73K,4
1W4H,P133A,P0AFG6,P116A,24794,7,9.85,0.38,0.103402767,-1.034428632,-0.39108303,-1.28,-0.92,-0.51,0.51,-0.80638127,-1.12684,0.2354,-0.87,0.43,-2.7,0.3363,A,P116A,2
1PIN,T29A,Q13526,T29A,25199,7,40,-1.25,-1.332072861,-1.385856836,-1.2110907,-1.39,-1.14,-2.4,2.4,-0.695272297,-1.15895,1.03813,-1.72,-1.18,-0.7,-1.035,A,T29A,2
3HHR,S71T,P01241,S97T,307,8,20,0.33,-0.547405773,-0.671788093,-0.82225349,-0.19,-0.73,-0.4,0.4,-0.89683205,-0.156272,-0.79036,-0.11,-0.88,-0.1,-0.2852,A,S97T,2
1W4H,H166G,P0AFG6,H149G,24813,7,9.85,-1.58,-1.963023196,-2.89443069,-0.89650117,-0.53,-1.24,-2,2,-0.750155149,-1.38829,-0.37909,-1.48,-0.53,-1.9,-1.9467,A,H149G,4
1CDC,L50V,P08921,L72V,5696,7,25,0.37,-0.608545567,-1.039809682,-1.684916,-1.63,-1.3,0.17,-0.17,-0.492576486,-0.0697462,2.088,-0.75,-1.55,0,-0.4947,B,L72V,2
1PIN,R21A,Q13526,R21A,25183,7,40,-0.65,-0.768242869,-0.716901462,-1.2337651,-1.51,-0.55,0.34,-0.34,-0.517438081,-0.796344,0.21913,-0.43,0.07,-1.4,-0.5451,A,R21A,2
1PIN,T29G,Q13526,T29G,25200,7,40,-1.99,-1.292977183,-1.818984851,-1.8977648,-1.88,-1.75,-3.08,3.08,-1.333231289,-1.92678,0.94342,-1.54,-0.97,-1.3,-1.0774,A,T29G,2
1CDC,V78A,P08921,V100A,5698,7,25,-3.01,-1.841970684,-1.990907785,-1.97338,-2.75,-1.98,-2.72,2.72,-1.782028893,-1.97352,0.24963,-1.54,-0.3,-1.3,-1.7437,B,V100A,2
1FTG,E40K,P0A3D9,E41K,9919986,7,43.25,0.87,0.372234038,-0.371020065,-1.8972733,-0.97,-1,0.08,-0.08,-0.104514513,-0.0684557,-0.03511,1.33,-1.02,-0.3,0.3729,A,E41K,2
1W4H,S132G,P0AFG6,S115G,24793,7,9.85,-0.47,-0.89091584,-1.069328586,-1.2468198,-0.71,-1.41,-1.03,1.03,-0.755969638,-0.951766,-0.49402,-0.83,-0.54,-1.4,-0.9187,A,S115G,2
1PIN,G20A,Q13526,G20A,25182,7,40,-0.86,-0.791972641,-1.118912126,-1.9303959,-1.12,-0.94,0.42,-0.42,-0.685474981,0.30218,1.27953,-1.23,-0.27,0.8,-0.7901,A,G20A,2
1PIN,S16A,Q13526,S16A,25174,7,40,-0.44,-1.070133511,-0.804623317,-1.0725365,-0.76,-0.92,-0.24,0.24,-0.652821511,-0.291188,-0.18474,-1.02,-0.11,-0.7,-0.4268,A,S16A,2
1ZG4,R164H,P62593,R162H,12377,7,49.9,-0.17,-0.411211762,-0.56246048,-1.109926,-1.33,-0.96,-0.61,0.61,-0.292560809,-0.599635,-0.58871,-0.69,-0.61,-0.1,-0.3847,A,R162H,4
1PIN,S16G,Q13526,S16G,25175,7,40,-0.92,-1.719548396,-1.744078899,-1.7445983,-1.46,-1.35,-0.84,0.84,-0.940757166,-1.0626,1.04772,-0.95,-0.08,-1.4,-1.6046,A,S16G,2
1FTG,S71A,P0A3D9,S72A,9918072,7,44.15,-0.69,0.321420824,-0.034477122,-0.49304493,-0.2,-0.18,0.32,-0.32,-0.399552729,-0.0105547,1.1282,-0.58,-0.47,0.1,0.2597,A,S72A,1
1W4H,L139A,P0AFG6,L122A,24799,7,9.85,-3.5,-2.022067346,-1.654541922,-2.2554421,-2.67,-2.74,-2.8,2.8,-1.208151743,0.361964,1.58433,-1.72,-0.71,0.7,-2.1392,A,L122A,4
1PIN,T29S,Q13526,T29S,25201,7,40,-0.65,-0.898461285,-0.863741736,-0.79774842,-0.85,-0.33,-1.42,1.42,-0.671863572,-0.750817,0.78015,-1.3,-0.14,-0.3,-0.6968,A,T29S,2
1CDC,I18V,P08921,I40V,5693,7,25,-1.17,-1.06133087,-1.289971729,-0.80852412,-0.75,0,-1.13,1.13,-0.995466582,-0.444612,0.54542,-0.78,-0.26,0.1,-0.915,B,I40V,1
3HHR,S71A,P01241,S97A,308,8,20,-0.97,-0.904678876,-0.955866227,-0.93293353,-0.37,-1.14,-1.13,1.13,-0.706150402,-0.648131,0.84616,-0.41,-1.21,-0.6,-0.6056,A,S97A,2
1W4H,L131A,P0AFG6,L114A,24792,7,9.85,-0.94,-1.853663148,-1.852470123,-2.4336462,-2.88,-2.64,-1,1,-1.400690421,0.234933,1.08449,-1.7,-2.72,-0.2,-1.5701,A,L114A,4
1YYX,I72A,UPI00005AB3B6,I72A,18318,5,25,-4.67,-2.451668746,-1.994503553,-1.3934243,-2.5,-2.48,-2.14,2.14,-2.24645934,-3.07854,1.2412,-3.11,-1.31,-3.2,-2.4213,A,I72A,2
1CDC,V30A,P08921,V52A,5694,7,25,-4.88,-2.265725352,-2.479358149,-2.3888035,-1.53,-1.07,-3.29,3.29,-1.776373384,-2.64439,0.97011,-2.08,-0.52,-2.4,-2.4255,B,V52A,2
1W3D,L167V,P11961,L167V,18490,5.5,51.85,-0.2,-0.765768823,-0.642383592,-0.89376956,-1.68,-0.59,-0.24,0.24,-0.905733271,-0.691282,0.10139,-1.27,-0.68,-0.1,-0.6291,A,L167V,2
2DRI,L62C,P02925,L87C,26036,7.6,25,-2.7,-2.073356803,-1.820218515,-1.3524281,-2.92,-2.2,-1.97,1.97,-2.240643143,-0.712865,1.07732,-1.36,-0.67,-2.5,-2.1469,A,L87C,2
1ZG4,S235A,P62593,S233A,12380,7,50.6,0.58,-0.678152539,-1.266675536,-0.98764243,-0.23,-0.94,-0.83,0.83,-0.772434636,-0.357022,0.73208,-0.3,-0.56,-0.7,-0.7679,A,S233A,1
1PIN,N26D,Q13526,N26D,25194,7,40,-1.88,-1.381305445,-1.032788426,-1.3580851,-0.27,-0.66,-1.3,1.3,-0.670927631,-0.352452,0.42265,-0.76,-0.08,-0.3,-1.0293,A,N26D,2
1PIN,Y23A,Q13526,Y23A,25186,7,40,-1.08,-2.747645519,-3.359299033,-1.0406655,-2.52,-1.63,-2.23,2.23,-1.981884106,-1.86369,1.11896,-2.31,-0.45,-4.4,-2.4437,A,Y23A,2
1FTG,I156V,P0A3D9,I157V,9918082,7,44.15,-3.6,-0.933938792,-0.411312249,-1.0761928,-1,-0.78,-1.39,1.39,-0.851280834,-0.332779,0.92819,-2.69,-0.66,-0.4,-1.0461,A,I157V,2
1W3D,D145A,P11961,D145A,18475,5.5,51.85,-2.1,-0.736543229,-0.972339977,-0.53192267,-1.08,-0.89,-1.1,1.1,-0.977950039,-0.643343,0.61115,-0.49,-0.24,-0.9,-0.568,A,D145A,2
1CSE,V54A,P01051,V54A,20048,7,25,-2.37,-2.750998238,-2.778390024,-1.7371425,-2.85,-2.14,-2.92,2.92,-2.203745337,-2.95407,2.09336,-1.81,-3.29,-3.2,-2.4846,I,V54A,2
1KFW,G406Q,Q9REI6,G443Q,16600,7.5,16,0.62,-0.83165015,-1.205251629,-0.80133218,-1.17,-1.39,-1.44,1.44,-0.611887818,-0.627485,0.23666,-1.48,-0.46,-0.2,-0.8244,A,G443Q,4
1FTG,Q111G,P0A3D9,Q112G,9919995,7,43.25,-0.31,-0.663789034,-0.561505216,-1.6236048,-0.62,-0.6,-1.39,1.39,-0.557971277,-0.895179,1.12219,0.01,-2.09,-1.2,-0.4287,A,Q112G,2
1FTG,V31A,P0A3D9,V32A,9918068,7,44.15,-1.72,-1.817989371,-1.161782528,-1.6311486,-1.54,-1.46,-2.09,2.09,-1.421528937,-1.54986,0.13551,-1.58,-0.67,-2.1,-1.7844,A,V32A,1
1B26,E231A,P96110,E232A,17753,7,69.5,-0.17,-0.388829381,-0.232095167,-1.1350106,-0.28,0.17,-0.26,0.26,-1.003145798,-0.277426,0.896,-0.44,-0.87,-0.5,-0.3142,A,E232A,2
1FC1,L398A,P01857,L281A,3640,7.4,20,-0.1,-1.99955394,-1.541313605,-1.8671843,-3.66,-1.6,-0.52,0.52,-0.766023089,-1.30214,1.34134,-1.45,-0.65,-0.9,-1.5676,A,L281A,2
1FC1,V397A,P01857,V280A,3639,7.4,20,-0.6,-1.74409423,-1.480043599,-1.3650535,-2.31,-1.8,-2.15,2.15,-0.912318042,-1.48574,0.09785,-1.21,-1.37,-1.2,-1.3083,A,V280A,2
1FLV,V18L,P0A3D9,V19L,22092,7,44.15,0.09,-0.741803042,-0.635045659,-0.13213819,-0.1,-0.48,-1.01,1.01,-0.297656969,-0.125167,0.6042,-0.52,-0.38,0,-0.7896,A,V19L,2
1PIN,R36A,Q13526,R36A,25212,7,40,-0.29,-0.243901195,-0.584565841,-1.0651623,-0.97,-0.44,-0.04,0.04,-0.492313486,-0.793614,0.64386,-0.84,-0.15,-0.9,0.1126,A,R36A,2
1YYX,F61A,UPI00005AB3B6,F61A,18315,5,25,-5.45,-2.852935628,-2.754201235,-2.5064321,-2.44,-2.54,-2.46,2.46,-2.504764851,-2.94872,0.39828,-3.41,-0.35,-3.1,-2.8892,A,F61A,2
1W4H,L144A,P0AFG6,L127A,24801,7,9.85,-1.9,-2.502347043,-2.309912517,-2.7973457,-3.26,-2.33,-2.57,2.57,-1.4862106,-2.18924,0.0341,-2.06,-0.02,-2.3,-2.4673,A,L127A,2
1FTG,D75K,P0A3D9,D76K,9919990,7,43.25,1.01,0.182327497,0.239945315,-1.0125324,-0.6,-0.22,-0.04,0.04,-0.13641554,0.362434,0.12061,0.91,-0.22,0.1,0.269,A,D76K,2
1PIN,A31G,Q13526,A31G,25205,7,40,-1.49,-1.240093589,-1.688538654,-1.0893166,-1.25,-1.53,-1.22,1.22,-1.055855359,-0.853821,1.00893,-1,-0.88,-0.8,-1.2087,A,A31G,2
1W4H,T152A,P0AFG6,T135A,24806,7,9.85,-1.36,-0.907118994,-1.401822687,-0.80820215,-1.57,-0.72,-0.31,0.31,-0.542022632,-1.19599,0.20823,-0.82,-0.49,-1.6,-0.7792,A,T135A,4
1CDC,L16V,P08921,L38V,5692,7,25,-2.2,-1.528494361,-1.45350796,-1.01363,-1.43,-0.56,-1.3,1.3,-1.144514699,-1.79287,-0.15115,-1.26,0.19,-1.5,-1.5658,B,L38V,4
1FTG,L143A,P0A3D9,L144A,9918081,7,44.15,-0.1,-2.617741862,-2.727758969,-2.6402666,-3.15,-1.39,-3.31,3.31,-1.727589281,-0.876613,1.53672,-2.11,-0.87,-1.4,-2.6085,A,L144A,1
1K9Q,D34T,P46937,D194T,11374,7,65,0.35,0.194049411,0.737738198,-1.3808692,0.27,1.05,0.15,-0.15,-0.092831483,0.961339,0.04531,-0.04,-0.17,1.4,0.2875,A,D194T,1
1FTG,V117A,P0A3D9,V118A,9918078,7,44.15,-1.74,-2.421919695,-1.92676115,-1.0418019,-1.46,-0.97,-2.29,2.29,-1.440305412,-1.97352,2.51829,-1.75,-2.41,-2.1,-2.3129,A,V118A,2
1CSE,V14A,P01051,V14A,20047,7,25,-1.67,-2.136320253,-1.87341808,-1.3485768,-1.54,-1.26,-0.33,0.33,-1.630200597,-2.84722,0.78408,-1,-0.24,-3.3,-2.059,I,V14A,2
1PIN,P8G,Q13526,P8G,25165,7,40,-0.92,-1.786785585,-2.21410933,-1.3087868,-1.68,-1.95,-2.36,2.36,-1.897959947,-1.63441,1.25539,-1.63,-0.44,-3,-1.6288,A,P8G,2
1PIN,L7A,Q13526,L7A,25160,7,40,-1.72,-2.511771744,-2.292184974,-2.2970696,-2.33,-1.71,-1.46,1.46,-1.782222515,-2.13363,0.76425,-2.62,-0.53,-3.5,-1.9851,A,L7A,2
1FTG,G68A,P0A3D9,G69A,9919988,7,43.25,0.55,0.6239842,0.590337792,-0.67381657,-0.29,-0.58,0.54,-0.54,0.143283459,1.04966,2.27058,0.38,-1.7,1.3,0.6015,A,G69A,1
1YYX,L94A,UPI00005AB3B6,L94A,18323,5,25,-1.73,-2.415925939,-2.299493649,-2.3610257,-2.32,-2.39,-2.67,2.67,-2.574595244,-2.98194,0.83522,-2.99,-1.14,-2.6,-2.4792,A,L94A,2
1YYX,M58A,UPI00005AB3B6,M58A,18314,5,25,-3.61,-1.878308199,-1.895363826,-2.0968174,-1.59,-1.05,-1.48,1.48,-1.169907762,-1.37833,2.92243,-2.51,-1.35,-1.5,-1.7844,A,M58A,4
1PIN,L7I,Q13526,L7I,25161,7,40,-0.85,-0.65132412,-1.005594041,-0.86293183,-1.12,-0.69,-0.93,0.93,-0.615206254,-0.804093,0.69053,-1.02,-0.57,-1.2,-0.7085,A,L7I,2
1FTG,L6A,P0A3D9,L7A,9918066,7,44.15,-2.94,-3.065520606,-2.875266257,-2.7090023,-2.17,-2.32,-3.06,3.06,-2.106115,-1.50831,1.24222,-2.77,-1.47,-2,-2.7926,A,L7A,2
3HHR,S71V,P01241,S97V,309,8,20,-1.19,-0.444288759,-0.608228912,-0.24366623,0.5,-0.15,-1.05,1.05,-0.598358452,-0.94346,1.49364,-0.38,-1.4,-0.5,-0.3434,A,S97V,2
1FTG,I52V,P0A3D9,I53V,9918071,7,44.15,-1.4,-1.046729913,-1.439007351,-0.98179598,-0.74,-0.5,-1.59,1.59,-0.810943644,-0.407318,1.31295,-1.02,-1.67,-0.5,-0.9663,A,I53V,2
1PIN,K13A,Q13526,K13A,25171,7,40,-0.02,-0.876180074,-0.580984971,-0.81174841,-0.54,0.2,-0.08,0.08,-0.187569696,0.177937,1.09896,-0.46,-0.55,1.1,-0.7461,A,K13A,2
1PIN,L7N,Q13526,L7N,25163,7,40,-0.9,-2.345839437,-2.395224843,-1.6245321,-2.17,-1.2,-1.72,1.72,-1.965825406,-1.85147,0.17638,-2.25,-0.25,-3.9,-1.4158,A,L7N,2
1W3D,V149A,P11961,V149A,18478,5.5,51.85,-2.8,-2.647738665,-2.039358378,-1.5666705,-1.82,-1.73,-1.69,1.69,-1.576718266,-2.48017,1.00052,-1.87,-1.09,-3.1,-2.434,A,V149A,4
1ZG4,G238S,P62593,G236S,12375,7,50.6,-1.25,-0.824665545,-1.310572851,-0.88410214,-1.37,-0.12,-0.49,0.49,-0.275691736,0.0118842,2.71686,-0.62,-0.8,0.9,-0.7962,A,G236S,1
1FC1,K409A,P01857,K292A,3644,7.4,20,-2.4,-1.052724065,-0.859083836,-2.1026762,-0.86,-1.09,-0.58,0.58,-0.688272536,-0.207,-0.3808,-0.77,-0.99,0.7,-0.9172,A,K292A,2
3HHR,E74T,P01241,E100T,315,8,20,-0.55,-0.88563595,-0.407420139,-1.2821095,0.08,-0.3,-0.54,0.54,-1.285870359,-0.498941,-0.31697,-0.37,-0.41,0,-0.7472,A,E100T,2
3HHR,E74S,P01241,E100S,314,8,20,-0.91,-1.143933423,-0.849265066,-1.1378044,-0.36,-0.63,-0.68,0.68,-1.446732993,-0.570221,0.74561,-0.54,-0.21,-0.3,-0.9988,A,E100S,2
3HHR,E74Q,P01241,E100Q,312,8,20,-0.18,-0.227944628,-0.3125777,-0.85462428,-0.17,-0.67,-0.11,0.11,-1.044278424,-0.442623,0.86354,-0.37,-0.06,0.3,-0.1716,A,E100Q,1
1PIN,T29D,Q13526,T29D,25202,7,40,-1.33,-0.854297866,-0.905181301,-0.84929896,-0.67,-0.74,-2.26,2.26,-0.951734035,-1.06556,1.13562,-1.35,-0.99,-0.4,-0.6433,A,T29D,2
1PIN,W34F,Q13526,W34F,25210,7,40,-0.1,-2.045068846,-1.267621911,-0.085976013,-1.49,-0.35,-0.37,0.37,-0.623753716,-1.76394,1.53504,-1.55,-1.67,-0.2,-1.6744,A,W34F,1
1FTG,I22V,P0A3D9,I23V,9918067,7,44.15,-1.39,-1.347969903,-1.390631369,-1.2537959,-0.69,-0.74,-1.12,1.12,-1.043943618,-0.82285,0.12826,-1.43,0.49,-0.7,-1.4208,A,I23V,2
3HHR,E74L,P01241,E100L,316,8,20,-0.79,0.156548357,0.89160795,-0.1743341,0.17,0.31,-0.6,0.6,-0.628756143,-0.241984,0.96574,-0.18,0.19,0.5,0.2927,A,E100L,4
1PIN,K6A,Q13526,K6A,25159,7,40,0.15,-0.134172942,-0.57411779,-0.34176079,-0.2,0,0.07,-0.07,-0.335122544,0.136614,-0.09905,-0.28,-0.01,0.2,-0.0286,A,K6A,2
1PIN,G10A,Q13526,G10A,25168,7,40,-0.85,-0.705932675,-1.238542841,-0.74472336,-0.38,-1.08,-1.96,1.96,-0.667520143,-1.15693,-0.31044,-1.1,-0.62,-0.3,-0.8168,A,G10A,2
1ZG4,R164S,P62593,R162S,12378,7,50.6,-0.61,-1.030921144,-1.345841022,-1.0344447,-1.18,-0.82,-1.81,1.81,-0.843556187,-1.07102,2.07118,-0.82,-2.01,-0.6,-0.9836,A,R162S,1
1FC1,Q347A,P01857,Q230A,3629,7.4,20,-1.1,-0.879037337,-1.117657848,-0.10475514,-0.1,-0.56,-1.11,1.11,-0.50149451,-0.294133,1.86755,-0.18,-1.2,-0.2,-0.9434,A,Q230A,1
1W4H,L167A,P0AFG6,L150A,24814,7,9.85,-0.57,-2.010495148,-2.197070587,-2.0164885,-2.9,-2.17,-1.5,1.5,-1.337810046,-1.23219,3.04764,-1.86,-2.47,-1.6,-1.5961,A,L150A,2
1PIN,Q33A,Q13526,Q33A,25208,7,40,-0.57,-1.067631963,-0.902187658,-1.0753735,-0.39,-0.84,-0.8,0.8,-0.764091145,-0.5373,1.08594,-0.72,-2.31,-0.8,-0.8139,A,Q33A,2
1FC1,D399A,P01857,D282A,3641,7.4,20,-0.7,-0.737654238,-0.890606655,-0.94741144,-1.53,-1.82,-1.85,1.85,-0.265177943,-0.353373,2.79823,-0.61,-2.13,-0.1,-0.7445,A,D282A,4
1FC1,K392A,P01857,K275A,3636,7.4,20,-0.4,-0.612370935,-0.326921727,-1.1245482,-1.17,-0.58,-0.66,0.66,-0.223467088,-0.0624909,1.86649,-0.3,-1.33,0.4,-0.5165,A,K275A,2
1W3D,A168G,P11961,A168G,18492,5.5,51.85,-0.3,-0.186821759,-0.919215659,-1.8552958,-0.99,-0.89,-0.73,0.73,-0.519256143,0.0185438,1.52862,-0.71,-1.63,-1.1,-0.348,A,A168G,2
1YYX,L68A,UPI00005AB3B6,L68A,18317,5,25,-4.03,-2.80285983,-2.513237324,-2.2356154,-3.07,-3.03,-2.72,2.72,-2.223196249,-2.82419,0.78243,-2.96,-0.69,-3.4,-2.8008,A,L68A,4
1SPB,Q40L,P00782,Q70L,8820,5,20,1.1,0.049608276,0.433078604,0.11841476,0.14,-0.3,-0.12,0.12,0.02663041,0.118413,2.58217,0.07,-2.07,0.5,0.1251,P,Q70L,2
1PIN,I28A,Q13526,I28A,25197,7,40,-0.36,-1.329308181,-0.976576143,-2.1670548,-2.75,-0.8,-0.37,0.37,-1.134001552,-1.0343,2.65714,-1.1,-2.29,-0.9,-1.2217,A,I28A,2
1FTG,E107A,P0A3D9,E108A,9919994,7,43.25,0.62,-0.359132098,-0.387514518,-1.2659476,0.05,-0.19,-0.16,0.16,-0.168299075,-0.207873,1.91106,0.62,-1.84,0.5,-0.2372,A,E108A,4
1W4H,A168G,P0AFG6,A151G,24815,7,9.85,-0.07,-0.270825046,-1.098785453,-1.4977844,-1.57,-1.08,-0.6,0.6,-0.629796522,-0.388461,3.65097,-1.66,-1.98,-1.2,-0.299,A,A151G,2
1PIN,I28G,Q13526,I28G,25198,7,40,-0.48,-2.006106685,-2.144361821,-2.3121638,-3.3,-1.63,-1.06,1.06,-1.212590419,-2.1476,1.41254,-1.56,-1.92,-1.6,-1.9337,A,I28G,2
1FTG,D150K,P0A3D9,D151K,17976,7,44.15,-0.22,-0.191422156,-0.672909536,-1.6011778,0.02,0.13,-0.04,0.04,-0.34953443,0.133788,2.75421,-0.1,-1.96,0,-0.2186,A,D151K,1
